{"epoch": 0, "loss": 0.909799337387085, "loss_ce": 1.3254035711288452, "loss_dice": 0.8058983087539673, "_timestamp": 1712129349.0832887, "_runtime": 52.09765958786011, "_step": 0, "_wandb": {"runtime": 52}}