{"epoch": 5, "loss": 0.612218976020813, "loss_ce": 0.15457673370838165, "loss_dice": 0.7266295552253723, "_timestamp": 1712018712.4059012, "_runtime": 74.0162672996521, "_step": 86}