{"epoch": 1, "loss": 0.5948177576065063, "loss_ce": 0.07122239470481873, "loss_dice": 0.7257165908813477, "_timestamp": 1712013077.2021043, "_runtime": 81.53574728965759, "_step": 99}