{"epoch": 0, "loss": 0.8131343126296997, "loss_ce": 0.6461353302001953, "loss_dice": 0.8548839688301086, "_timestamp": 1711975207.2557843, "_runtime": 78.35337734222412, "_step": 36}