{"epoch": 4, "loss": 0.191672682762146, "loss_ce": 0.10948917269706726, "loss_dice": 0.21221855282783508, "_timestamp": 1712315883.5059748, "_runtime": 57.02973484992981, "_step": 95}